sku,product_name,slug,role,file_name,folder,url,file_type,width,height,file_size_bytes,file_id,status
RF-ACC-001,ResoFlex Stainless Steel Gym Shaker Bottle,rf-acc-001,hero,hero.png,resoflex-acc-shaker,https://ik.imagekit.io/resofit808/assets/products/resoflex-acc-shaker/hero.png,PNG,469,384,238758,,verified
RF-ACC-001,ResoFlex Stainless Steel Gym Shaker Bottle,rf-acc-001,gallery_01,gallery-01.png,resoflex-acc-shaker,https://ik.imagekit.io/resofit808/assets/products/resoflex-acc-shaker/gallery-01.png,PNG,469,384,227870,,verified
RF-ACC-001,ResoFlex Stainless Steel Gym Shaker Bottle,rf-acc-001,gallery_02,gallery-02.png,resoflex-acc-shaker,https://ik.imagekit.io/resofit808/assets/products/resoflex-acc-shaker/gallery-02.png,PNG,469,384,256632,,verified
RF-ACC-001,ResoFlex Stainless Steel Gym Shaker Bottle,rf-acc-001,gallery_03,gallery-03.png,resoflex-acc-shaker,https://ik.imagekit.io/resofit808/assets/products/resoflex-acc-shaker/gallery-03.png,PNG,469,384,270493,,verified
RF-ACC-001,ResoFlex Stainless Steel Gym Shaker Bottle,rf-acc-001,lifestyle,lifestyle.png,resoflex-acc-shaker,https://ik.imagekit.io/resofit808/assets/products/resoflex-acc-shaker/lifestyle.png,PNG,469,384,308801,,verified
RF-ACC-001,ResoFlex Stainless Steel Gym Shaker Bottle,rf-acc-001,detail,detail.png,resoflex-acc-shaker,https://ik.imagekit.io/resofit808/assets/products/resoflex-acc-shaker/detail.png,PNG,469,384,262580,,verified
RF-ADJ-BNC-005,ResoFlex Adjustable Heavy Duty Workout Bench,rf-adj-bnc-005,hero,hero.png,resoflex-adj-bench,https://ik.imagekit.io/resofit808/assets/products/resoflex-adj-bench/hero.png,PNG,469,384,212576,,verified
RF-ADJ-BNC-005,ResoFlex Adjustable Heavy Duty Workout Bench,rf-adj-bnc-005,gallery_01,gallery-01.png,resoflex-adj-bench,https://ik.imagekit.io/resofit808/assets/products/resoflex-adj-bench/gallery-01.png,PNG,469,384,204557,,verified
RF-ADJ-BNC-005,ResoFlex Adjustable Heavy Duty Workout Bench,rf-adj-bnc-005,gallery_02,gallery-02.png,resoflex-adj-bench,https://ik.imagekit.io/resofit808/assets/products/resoflex-adj-bench/gallery-02.png,PNG,469,384,213323,,verified
RF-ADJ-BNC-005,ResoFlex Adjustable Heavy Duty Workout Bench,rf-adj-bnc-005,gallery_03,gallery-03.png,resoflex-adj-bench,https://ik.imagekit.io/resofit808/assets/products/resoflex-adj-bench/gallery-03.png,PNG,469,384,249944,,verified
RF-ADJ-BNC-005,ResoFlex Adjustable Heavy Duty Workout Bench,rf-adj-bnc-005,lifestyle,lifestyle.png,resoflex-adj-bench,https://ik.imagekit.io/resofit808/assets/products/resoflex-adj-bench/lifestyle.png,PNG,469,384,308938,,verified
RF-ADJ-BNC-005,ResoFlex Adjustable Heavy Duty Workout Bench,rf-adj-bnc-005,detail,detail.png,resoflex-adj-bench,https://ik.imagekit.io/resofit808/assets/products/resoflex-adj-bench/detail.png,PNG,469,384,270918,,verified
,ResoFlex Ankle Straps,,hero,hero.png,resoflex-ankle-straps,https://ik.imagekit.io/resofit808/assets/products/resoflex-ankle-straps/hero.png,PNG,469,384,289376,,unmapped_folder
,ResoFlex Ankle Straps,,gallery_01,gallery-01.png,resoflex-ankle-straps,https://ik.imagekit.io/resofit808/assets/products/resoflex-ankle-straps/gallery-01.png,PNG,469,384,259422,,unmapped_folder
,ResoFlex Ankle Straps,,gallery_02,gallery-02.png,resoflex-ankle-straps,https://ik.imagekit.io/resofit808/assets/products/resoflex-ankle-straps/gallery-02.png,PNG,469,384,256535,,unmapped_folder
,ResoFlex Ankle Straps,,gallery_03,gallery-03.png,resoflex-ankle-straps,https://ik.imagekit.io/resofit808/assets/products/resoflex-ankle-straps/gallery-03.png,PNG,469,384,263825,,unmapped_folder
,ResoFlex Ankle Straps,,lifestyle,lifestyle.png,resoflex-ankle-straps,https://ik.imagekit.io/resofit808/assets/products/resoflex-ankle-straps/lifestyle.png,PNG,469,384,298859,,unmapped_folder
,ResoFlex Ankle Straps,,detail,detail.png,resoflex-ankle-straps,https://ik.imagekit.io/resofit808/assets/products/resoflex-ankle-straps/detail.png,PNG,469,384,356930,,unmapped_folder
RF-BAL-TRK-003,ResoFlex Men Athletic Balaclava Tracksuit,rf-bal-trk-003,hero,hero.png,resoflex-bal-tracksuit,https://ik.imagekit.io/resofit808/assets/products/resoflex-bal-tracksuit/hero.png,PNG,469,384,269073,,verified
RF-BAL-TRK-003,ResoFlex Men Athletic Balaclava Tracksuit,rf-bal-trk-003,gallery_01,gallery-01.png,resoflex-bal-tracksuit,https://ik.imagekit.io/resofit808/assets/products/resoflex-bal-tracksuit/gallery-01.png,PNG,469,384,202561,,verified
RF-BAL-TRK-003,ResoFlex Men Athletic Balaclava Tracksuit,rf-bal-trk-003,gallery_02,gallery-02.png,resoflex-bal-tracksuit,https://ik.imagekit.io/resofit808/assets/products/resoflex-bal-tracksuit/gallery-02.png,PNG,469,384,199748,,verified
RF-BAL-TRK-003,ResoFlex Men Athletic Balaclava Tracksuit,rf-bal-trk-003,gallery_03,gallery-03.png,resoflex-bal-tracksuit,https://ik.imagekit.io/resofit808/assets/products/resoflex-bal-tracksuit/gallery-03.png,PNG,469,384,284653,,verified
RF-BAL-TRK-003,ResoFlex Men Athletic Balaclava Tracksuit,rf-bal-trk-003,lifestyle,lifestyle.png,resoflex-bal-tracksuit,https://ik.imagekit.io/resofit808/assets/products/resoflex-bal-tracksuit/lifestyle.png,PNG,469,384,298643,,verified
RF-BAL-TRK-003,ResoFlex Men Athletic Balaclava Tracksuit,rf-bal-trk-003,detail,detail.png,resoflex-bal-tracksuit,https://ik.imagekit.io/resofit808/assets/products/resoflex-bal-tracksuit/detail.png,PNG,469,384,340209,,verified
RF-BOX-001,ResoFlex Combat Training Heavy Boxing Bag,rf-box-001,hero,hero.png,resoflex-boxing-bag,https://ik.imagekit.io/resofit808/assets/products/resoflex-boxing-bag/hero.png,PNG,469,384,192277,,verified
RF-BOX-001,ResoFlex Combat Training Heavy Boxing Bag,rf-box-001,gallery_01,gallery-01.png,resoflex-boxing-bag,https://ik.imagekit.io/resofit808/assets/products/resoflex-boxing-bag/gallery-01.png,PNG,469,384,194764,,verified
RF-BOX-001,ResoFlex Combat Training Heavy Boxing Bag,rf-box-001,gallery_02,gallery-02.png,resoflex-boxing-bag,https://ik.imagekit.io/resofit808/assets/products/resoflex-boxing-bag/gallery-02.png,PNG,469,384,266011,,verified
RF-BOX-001,ResoFlex Combat Training Heavy Boxing Bag,rf-box-001,gallery_03,gallery-03.png,resoflex-boxing-bag,https://ik.imagekit.io/resofit808/assets/products/resoflex-boxing-bag/gallery-03.png,PNG,469,384,231639,,verified
RF-BOX-001,ResoFlex Combat Training Heavy Boxing Bag,rf-box-001,lifestyle,lifestyle.png,resoflex-boxing-bag,https://ik.imagekit.io/resofit808/assets/products/resoflex-boxing-bag/lifestyle.png,PNG,469,384,330845,,verified
RF-BOX-001,ResoFlex Combat Training Heavy Boxing Bag,rf-box-001,detail,detail.png,resoflex-boxing-bag,https://ik.imagekit.io/resofit808/assets/products/resoflex-boxing-bag/detail.png,PNG,469,384,301072,,verified
RF-BOX-002,ResoFlex Pro Combat Striking Boxing Gloves,rf-box-002,hero,hero.png,resoflex-boxing-gloves,https://ik.imagekit.io/resofit808/assets/products/resoflex-boxing-gloves/hero.png,PNG,469,384,273226,,verified
RF-BOX-002,ResoFlex Pro Combat Striking Boxing Gloves,rf-box-002,gallery_01,gallery-01.png,resoflex-boxing-gloves,https://ik.imagekit.io/resofit808/assets/products/resoflex-boxing-gloves/gallery-01.png,PNG,469,384,248491,,verified
RF-BOX-002,ResoFlex Pro Combat Striking Boxing Gloves,rf-box-002,gallery_02,gallery-02.png,resoflex-boxing-gloves,https://ik.imagekit.io/resofit808/assets/products/resoflex-boxing-gloves/gallery-02.png,PNG,469,384,213058,,verified
RF-BOX-002,ResoFlex Pro Combat Striking Boxing Gloves,rf-box-002,gallery_03,gallery-03.png,resoflex-boxing-gloves,https://ik.imagekit.io/resofit808/assets/products/resoflex-boxing-gloves/gallery-03.png,PNG,469,384,298031,,verified
RF-BOX-002,ResoFlex Pro Combat Striking Boxing Gloves,rf-box-002,lifestyle,lifestyle.png,resoflex-boxing-gloves,https://ik.imagekit.io/resofit808/assets/products/resoflex-boxing-gloves/lifestyle.png,PNG,469,384,315412,,verified
RF-BOX-002,ResoFlex Pro Combat Striking Boxing Gloves,rf-box-002,detail,detail.png,resoflex-boxing-gloves,https://ik.imagekit.io/resofit808/assets/products/resoflex-boxing-gloves/detail.png,PNG,469,384,287067,,verified
RF-CHR-50K-008,ResoFlex 50KG Chrome Dumbbell and Barbell Home Gym Set,rf-chr-50k-008,hero,hero.png,resoflex-chr-50k,https://ik.imagekit.io/resofit808/assets/products/resoflex-chr-50k/hero.png,PNG,469,384,275057,,verified
RF-CHR-50K-008,ResoFlex 50KG Chrome Dumbbell and Barbell Home Gym Set,rf-chr-50k-008,gallery_01,gallery-01.png,resoflex-chr-50k,https://ik.imagekit.io/resofit808/assets/products/resoflex-chr-50k/gallery-01.png,PNG,469,384,290240,,verified
RF-CHR-50K-008,ResoFlex 50KG Chrome Dumbbell and Barbell Home Gym Set,rf-chr-50k-008,gallery_02,gallery-02.png,resoflex-chr-50k,https://ik.imagekit.io/resofit808/assets/products/resoflex-chr-50k/gallery-02.png,PNG,469,384,260948,,verified
RF-CHR-50K-008,ResoFlex 50KG Chrome Dumbbell and Barbell Home Gym Set,rf-chr-50k-008,gallery_03,gallery-03.png,resoflex-chr-50k,https://ik.imagekit.io/resofit808/assets/products/resoflex-chr-50k/gallery-03.png,PNG,469,384,277489,,verified
RF-CHR-50K-008,ResoFlex 50KG Chrome Dumbbell and Barbell Home Gym Set,rf-chr-50k-008,lifestyle,lifestyle.png,resoflex-chr-50k,https://ik.imagekit.io/resofit808/assets/products/resoflex-chr-50k/lifestyle.png,PNG,469,384,322612,,verified
RF-CHR-50K-008,ResoFlex 50KG Chrome Dumbbell and Barbell Home Gym Set,rf-chr-50k-008,detail,detail.png,resoflex-chr-50k,https://ik.imagekit.io/resofit808/assets/products/resoflex-chr-50k/detail.png,PNG,469,384,299026,,verified
RF-CHR-SET-009,ResoFlex Essentials Chrome Lifting Set,rf-chr-set-009,hero,hero.png,resoflex-chr-set,https://ik.imagekit.io/resofit808/assets/products/resoflex-chr-set/hero.png,PNG,512,512,435864,,verified
RF-CHR-SET-009,ResoFlex Essentials Chrome Lifting Set,rf-chr-set-009,gallery_01,gallery-01.png,resoflex-chr-set,https://ik.imagekit.io/resofit808/assets/products/resoflex-chr-set/gallery-01.png,PNG,512,512,477300,,verified
RF-CHR-SET-009,ResoFlex Essentials Chrome Lifting Set,rf-chr-set-009,gallery_02,gallery-02.png,resoflex-chr-set,https://ik.imagekit.io/resofit808/assets/products/resoflex-chr-set/gallery-02.png,PNG,512,512,458864,,verified
RF-CHR-SET-009,ResoFlex Essentials Chrome Lifting Set,rf-chr-set-009,gallery_03,gallery-03.png,resoflex-chr-set,https://ik.imagekit.io/resofit808/assets/products/resoflex-chr-set/gallery-03.png,PNG,512,512,490998,,verified
RF-CHR-SET-009,ResoFlex Essentials Chrome Lifting Set,rf-chr-set-009,lifestyle,lifestyle.png,resoflex-chr-set,https://ik.imagekit.io/resofit808/assets/products/resoflex-chr-set/lifestyle.png,PNG,512,512,473850,,verified
RF-CHR-SET-009,ResoFlex Essentials Chrome Lifting Set,rf-chr-set-009,detail,detail.png,resoflex-chr-set,https://ik.imagekit.io/resofit808/assets/products/resoflex-chr-set/detail.png,PNG,512,512,473681,,verified
RF-CRV-BLK-01,ResoFlex Women Curvy Collection - Obsidian Black,rf-crv-blk-01,hero,hero.png,resoflex-curvy-obsidian,https://ik.imagekit.io/resofit808/assets/products/resoflex-curvy-obsidian/hero.png,PNG,469,384,254579,,verified
RF-CRV-BLK-01,ResoFlex Women Curvy Collection - Obsidian Black,rf-crv-blk-01,gallery_01,gallery-01.png,resoflex-curvy-obsidian,https://ik.imagekit.io/resofit808/assets/products/resoflex-curvy-obsidian/gallery-01.png,PNG,469,384,222255,,verified
RF-CRV-BLK-01,ResoFlex Women Curvy Collection - Obsidian Black,rf-crv-blk-01,gallery_02,gallery-02.png,resoflex-curvy-obsidian,https://ik.imagekit.io/resofit808/assets/products/resoflex-curvy-obsidian/gallery-02.png,PNG,469,384,215174,,verified
RF-CRV-BLK-01,ResoFlex Women Curvy Collection - Obsidian Black,rf-crv-blk-01,gallery_03,gallery-03.png,resoflex-curvy-obsidian,https://ik.imagekit.io/resofit808/assets/products/resoflex-curvy-obsidian/gallery-03.png,PNG,469,384,323632,,verified
RF-CRV-BLK-01,ResoFlex Women Curvy Collection - Obsidian Black,rf-crv-blk-01,lifestyle,lifestyle.png,resoflex-curvy-obsidian,https://ik.imagekit.io/resofit808/assets/products/resoflex-curvy-obsidian/lifestyle.png,PNG,469,384,324608,,verified
RF-CRV-BLK-01,ResoFlex Women Curvy Collection - Obsidian Black,rf-crv-blk-01,detail,detail.png,resoflex-curvy-obsidian,https://ik.imagekit.io/resofit808/assets/products/resoflex-curvy-obsidian/detail.png,PNG,469,384,330549,,verified
RF-FIT-001,ResoFlex Mobility and Strength Resistance Bands Set,rf-fit-001,hero,hero.png,resoflex-fit-bands,https://ik.imagekit.io/resofit808/assets/products/resoflex-fit-bands/hero.png,PNG,469,384,300026,,verified
RF-FIT-001,ResoFlex Mobility and Strength Resistance Bands Set,rf-fit-001,gallery_01,gallery-01.png,resoflex-fit-bands,https://ik.imagekit.io/resofit808/assets/products/resoflex-fit-bands/gallery-01.png,PNG,469,384,297512,,verified
RF-FIT-001,ResoFlex Mobility and Strength Resistance Bands Set,rf-fit-001,gallery_02,gallery-02.png,resoflex-fit-bands,https://ik.imagekit.io/resofit808/assets/products/resoflex-fit-bands/gallery-02.png,PNG,469,384,247439,,verified
RF-FIT-001,ResoFlex Mobility and Strength Resistance Bands Set,rf-fit-001,gallery_03,gallery-03.png,resoflex-fit-bands,https://ik.imagekit.io/resofit808/assets/products/resoflex-fit-bands/gallery-03.png,PNG,469,384,278502,,verified
RF-FIT-001,ResoFlex Mobility and Strength Resistance Bands Set,rf-fit-001,lifestyle,lifestyle.png,resoflex-fit-bands,https://ik.imagekit.io/resofit808/assets/products/resoflex-fit-bands/lifestyle.png,PNG,469,384,308637,,verified
RF-FIT-001,ResoFlex Mobility and Strength Resistance Bands Set,rf-fit-001,detail,detail.png,resoflex-fit-bands,https://ik.imagekit.io/resofit808/assets/products/resoflex-fit-bands/detail.png,PNG,469,384,295289,,verified
RF-FTM-001,ResoFlex Commercial Functional Trainer,rf-ftm-001,hero,hero.png,resoflex-ftm-trainer,https://ik.imagekit.io/resofit808/assets/products/resoflex-ftm-trainer/hero.png,PNG,469,384,224428,,verified
RF-FTM-001,ResoFlex Commercial Functional Trainer,rf-ftm-001,gallery_01,gallery-01.png,resoflex-ftm-trainer,https://ik.imagekit.io/resofit808/assets/products/resoflex-ftm-trainer/gallery-01.png,PNG,469,384,243830,,verified
RF-FTM-001,ResoFlex Commercial Functional Trainer,rf-ftm-001,gallery_02,gallery-02.png,resoflex-ftm-trainer,https://ik.imagekit.io/resofit808/assets/products/resoflex-ftm-trainer/gallery-02.png,PNG,469,384,248316,,verified
RF-FTM-001,ResoFlex Commercial Functional Trainer,rf-ftm-001,gallery_03,gallery-03.png,resoflex-ftm-trainer,https://ik.imagekit.io/resofit808/assets/products/resoflex-ftm-trainer/gallery-03.png,PNG,469,384,310119,,verified
RF-FTM-001,ResoFlex Commercial Functional Trainer,rf-ftm-001,lifestyle,lifestyle.png,resoflex-ftm-trainer,https://ik.imagekit.io/resofit808/assets/products/resoflex-ftm-trainer/lifestyle.png,PNG,469,384,242301,,verified
RF-FTM-001,ResoFlex Commercial Functional Trainer,rf-ftm-001,detail,detail.png,resoflex-ftm-trainer,https://ik.imagekit.io/resofit808/assets/products/resoflex-ftm-trainer/detail.png,PNG,469,384,193782,,verified
RF-GLV-MECH-004,ResoFlex Mechanical Padded Gym Weightlifting Gloves,rf-glv-mech-004,hero,hero.png,resoflex-glv-mech,https://ik.imagekit.io/resofit808/assets/products/resoflex-glv-mech/hero.png,PNG,469,384,301795,,verified
RF-GLV-MECH-004,ResoFlex Mechanical Padded Gym Weightlifting Gloves,rf-glv-mech-004,gallery_01,gallery-01.png,resoflex-glv-mech,https://ik.imagekit.io/resofit808/assets/products/resoflex-glv-mech/gallery-01.png,PNG,469,384,271085,,verified
RF-GLV-MECH-004,ResoFlex Mechanical Padded Gym Weightlifting Gloves,rf-glv-mech-004,gallery_02,gallery-02.png,resoflex-glv-mech,https://ik.imagekit.io/resofit808/assets/products/resoflex-glv-mech/gallery-02.png,PNG,469,384,270267,,verified
RF-GLV-MECH-004,ResoFlex Mechanical Padded Gym Weightlifting Gloves,rf-glv-mech-004,gallery_03,gallery-03.png,resoflex-glv-mech,https://ik.imagekit.io/resofit808/assets/products/resoflex-glv-mech/gallery-03.png,PNG,469,384,319452,,verified
RF-GLV-MECH-004,ResoFlex Mechanical Padded Gym Weightlifting Gloves,rf-glv-mech-004,lifestyle,lifestyle.png,resoflex-glv-mech,https://ik.imagekit.io/resofit808/assets/products/resoflex-glv-mech/lifestyle.png,PNG,469,384,327785,,verified
RF-GLV-MECH-004,ResoFlex Mechanical Padded Gym Weightlifting Gloves,rf-glv-mech-004,detail,detail.png,resoflex-glv-mech,https://ik.imagekit.io/resofit808/assets/products/resoflex-glv-mech/detail.png,PNG,469,384,331496,,verified
RF-HEX-DMB-007,ResoFlex Studio Rubber Hex Dumbbells,rf-hex-dmb-007,hero,hero.png,resoflex-hex-dumbbells,https://ik.imagekit.io/resofit808/assets/products/resoflex-hex-dumbbells/hero.png,PNG,469,384,265861,,verified
RF-HEX-DMB-007,ResoFlex Studio Rubber Hex Dumbbells,rf-hex-dmb-007,gallery_01,gallery-01.png,resoflex-hex-dumbbells,https://ik.imagekit.io/resofit808/assets/products/resoflex-hex-dumbbells/gallery-01.png,PNG,469,384,250789,,verified
RF-HEX-DMB-007,ResoFlex Studio Rubber Hex Dumbbells,rf-hex-dmb-007,gallery_02,gallery-02.png,resoflex-hex-dumbbells,https://ik.imagekit.io/resofit808/assets/products/resoflex-hex-dumbbells/gallery-02.png,PNG,469,384,235278,,verified
RF-HEX-DMB-007,ResoFlex Studio Rubber Hex Dumbbells,rf-hex-dmb-007,gallery_03,gallery-03.png,resoflex-hex-dumbbells,https://ik.imagekit.io/resofit808/assets/products/resoflex-hex-dumbbells/gallery-03.png,PNG,469,384,269446,,verified
RF-HEX-DMB-007,ResoFlex Studio Rubber Hex Dumbbells,rf-hex-dmb-007,lifestyle,lifestyle.png,resoflex-hex-dumbbells,https://ik.imagekit.io/resofit808/assets/products/resoflex-hex-dumbbells/lifestyle.png,PNG,469,384,324659,,verified
RF-HEX-DMB-007,ResoFlex Studio Rubber Hex Dumbbells,rf-hex-dmb-007,detail,detail.png,resoflex-hex-dumbbells,https://ik.imagekit.io/resofit808/assets/products/resoflex-hex-dumbbells/detail.png,PNG,469,384,292038,,verified
resoflex-ladies-2piece,ResoFlex Ladies 2-Piece Ribbed Activewear Set,resoflex-ladies-2piece,hero,hero.png,resoflex-ladies-2piece,https://ik.imagekit.io/resofit808/assets/products/resoflex-ladies-2piece/hero.png,PNG,469,384,246699,,verified
resoflex-ladies-2piece,ResoFlex Ladies 2-Piece Ribbed Activewear Set,resoflex-ladies-2piece,gallery_01,gallery-01.png,resoflex-ladies-2piece,https://ik.imagekit.io/resofit808/assets/products/resoflex-ladies-2piece/gallery-01.png,PNG,469,384,208260,,verified
resoflex-ladies-2piece,ResoFlex Ladies 2-Piece Ribbed Activewear Set,resoflex-ladies-2piece,gallery_02,gallery-02.png,resoflex-ladies-2piece,https://ik.imagekit.io/resofit808/assets/products/resoflex-ladies-2piece/gallery-02.png,PNG,469,384,208848,,verified
resoflex-ladies-2piece,ResoFlex Ladies 2-Piece Ribbed Activewear Set,resoflex-ladies-2piece,gallery_03,gallery-03.png,resoflex-ladies-2piece,https://ik.imagekit.io/resofit808/assets/products/resoflex-ladies-2piece/gallery-03.png,PNG,469,384,279396,,verified
resoflex-ladies-2piece,ResoFlex Ladies 2-Piece Ribbed Activewear Set,resoflex-ladies-2piece,lifestyle,lifestyle.png,resoflex-ladies-2piece,https://ik.imagekit.io/resofit808/assets/products/resoflex-ladies-2piece/lifestyle.png,PNG,469,384,321701,,verified
resoflex-ladies-2piece,ResoFlex Ladies 2-Piece Ribbed Activewear Set,resoflex-ladies-2piece,detail,detail.png,resoflex-ladies-2piece,https://ik.imagekit.io/resofit808/assets/products/resoflex-ladies-2piece/detail.png,PNG,469,384,360515,,verified
RF-MEN-003,ResoFlex Men Heavyweight Sleeveless Gym Hoodie,rf-men-003,hero,hero.png,resoflex-men-hoodie,https://ik.imagekit.io/resofit808/assets/products/resoflex-men-hoodie/hero.png,PNG,469,384,257625,,verified
RF-MEN-003,ResoFlex Men Heavyweight Sleeveless Gym Hoodie,rf-men-003,gallery_01,gallery-01.png,resoflex-men-hoodie,https://ik.imagekit.io/resofit808/assets/products/resoflex-men-hoodie/gallery-01.png,PNG,469,384,203900,,verified
RF-MEN-003,ResoFlex Men Heavyweight Sleeveless Gym Hoodie,rf-men-003,gallery_02,gallery-02.png,resoflex-men-hoodie,https://ik.imagekit.io/resofit808/assets/products/resoflex-men-hoodie/gallery-02.png,PNG,469,384,256833,,verified
RF-MEN-003,ResoFlex Men Heavyweight Sleeveless Gym Hoodie,rf-men-003,gallery_03,gallery-03.png,resoflex-men-hoodie,https://ik.imagekit.io/resofit808/assets/products/resoflex-men-hoodie/gallery-03.png,PNG,469,384,286812,,verified
RF-MEN-003,ResoFlex Men Heavyweight Sleeveless Gym Hoodie,rf-men-003,lifestyle,lifestyle.png,resoflex-men-hoodie,https://ik.imagekit.io/resofit808/assets/products/resoflex-men-hoodie/lifestyle.png,PNG,469,384,313384,,verified
RF-MEN-003,ResoFlex Men Heavyweight Sleeveless Gym Hoodie,rf-men-003,detail,detail.png,resoflex-men-hoodie,https://ik.imagekit.io/resofit808/assets/products/resoflex-men-hoodie/detail.png,PNG,469,384,303731,,verified
RF-MEN-001,ResoFlex Men Performance Training Shorts,rf-men-001,hero,hero.png,resoflex-men-shorts,https://ik.imagekit.io/resofit808/assets/products/resoflex-men-shorts/hero.png,PNG,469,384,269073,,verified
RF-MEN-001,ResoFlex Men Performance Training Shorts,rf-men-001,gallery_01,gallery-01.png,resoflex-men-shorts,https://ik.imagekit.io/resofit808/assets/products/resoflex-men-shorts/gallery-01.png,PNG,469,384,202561,,verified
RF-MEN-001,ResoFlex Men Performance Training Shorts,rf-men-001,gallery_02,gallery-02.png,resoflex-men-shorts,https://ik.imagekit.io/resofit808/assets/products/resoflex-men-shorts/gallery-02.png,PNG,469,384,199748,,verified
RF-MEN-001,ResoFlex Men Performance Training Shorts,rf-men-001,gallery_03,gallery-03.png,resoflex-men-shorts,https://ik.imagekit.io/resofit808/assets/products/resoflex-men-shorts/gallery-03.png,PNG,469,384,284653,,verified
RF-MEN-001,ResoFlex Men Performance Training Shorts,rf-men-001,lifestyle,lifestyle.png,resoflex-men-shorts,https://ik.imagekit.io/resofit808/assets/products/resoflex-men-shorts/lifestyle.png,PNG,469,384,298643,,verified
RF-MEN-001,ResoFlex Men Performance Training Shorts,rf-men-001,detail,detail.png,resoflex-men-shorts,https://ik.imagekit.io/resofit808/assets/products/resoflex-men-shorts/detail.png,PNG,469,384,340209,,verified
RF-RUB-HEX-010,ResoFlex Commercial Rubber Hex Dumbbell Tower,rf-rub-hex-010,hero,hero.png,resoflex-rub-hex,https://ik.imagekit.io/resofit808/assets/products/resoflex-rub-hex/hero.png,PNG,469,384,228620,,verified
RF-RUB-HEX-010,ResoFlex Commercial Rubber Hex Dumbbell Tower,rf-rub-hex-010,gallery_01,gallery-01.png,resoflex-rub-hex,https://ik.imagekit.io/resofit808/assets/products/resoflex-rub-hex/gallery-01.png,PNG,469,384,250375,,verified
RF-RUB-HEX-010,ResoFlex Commercial Rubber Hex Dumbbell Tower,rf-rub-hex-010,gallery_02,gallery-02.png,resoflex-rub-hex,https://ik.imagekit.io/resofit808/assets/products/resoflex-rub-hex/gallery-02.png,PNG,469,384,251778,,verified
RF-RUB-HEX-010,ResoFlex Commercial Rubber Hex Dumbbell Tower,rf-rub-hex-010,gallery_03,gallery-03.png,resoflex-rub-hex,https://ik.imagekit.io/resofit808/assets/products/resoflex-rub-hex/gallery-03.png,PNG,469,384,250183,,verified
RF-RUB-HEX-010,ResoFlex Commercial Rubber Hex Dumbbell Tower,rf-rub-hex-010,lifestyle,lifestyle.png,resoflex-rub-hex,https://ik.imagekit.io/resofit808/assets/products/resoflex-rub-hex/lifestyle.png,PNG,469,384,304442,,verified
RF-RUB-HEX-010,ResoFlex Commercial Rubber Hex Dumbbell Tower,rf-rub-hex-010,detail,detail.png,resoflex-rub-hex,https://ik.imagekit.io/resofit808/assets/products/resoflex-rub-hex/detail.png,PNG,469,384,266663,,verified
RF-RUB-PLT-006,ResoFlex Commercial Rubber Bumper Plates Set,rf-rub-plt-006,hero,hero.png,resoflex-rubber-plates,https://ik.imagekit.io/resofit808/assets/products/resoflex-rubber-plates/hero.png,PNG,469,384,240267,,verified
RF-RUB-PLT-006,ResoFlex Commercial Rubber Bumper Plates Set,rf-rub-plt-006,gallery_01,gallery-01.png,resoflex-rubber-plates,https://ik.imagekit.io/resofit808/assets/products/resoflex-rubber-plates/gallery-01.png,PNG,469,384,222646,,verified
RF-RUB-PLT-006,ResoFlex Commercial Rubber Bumper Plates Set,rf-rub-plt-006,gallery_02,gallery-02.png,resoflex-rubber-plates,https://ik.imagekit.io/resofit808/assets/products/resoflex-rubber-plates/gallery-02.png,PNG,469,384,239641,,verified
RF-RUB-PLT-006,ResoFlex Commercial Rubber Bumper Plates Set,rf-rub-plt-006,gallery_03,gallery-03.png,resoflex-rubber-plates,https://ik.imagekit.io/resofit808/assets/products/resoflex-rubber-plates/gallery-03.png,PNG,469,384,255265,,verified
RF-RUB-PLT-006,ResoFlex Commercial Rubber Bumper Plates Set,rf-rub-plt-006,lifestyle,lifestyle.png,resoflex-rubber-plates,https://ik.imagekit.io/resofit808/assets/products/resoflex-rubber-plates/lifestyle.png,PNG,469,384,343579,,verified
RF-RUB-PLT-006,ResoFlex Commercial Rubber Bumper Plates Set,rf-rub-plt-006,detail,detail.png,resoflex-rubber-plates,https://ik.imagekit.io/resofit808/assets/products/resoflex-rubber-plates/detail.png,PNG,469,384,301053,,verified
RF-RUN-002,ResoFlex Speedwork Running Waist Belt,rf-run-002,hero,hero.png,resoflex-run-belt,https://ik.imagekit.io/resofit808/assets/products/resoflex-run-belt/hero.png,PNG,469,384,252820,,verified
RF-RUN-002,ResoFlex Speedwork Running Waist Belt,rf-run-002,gallery_01,gallery-01.png,resoflex-run-belt,https://ik.imagekit.io/resofit808/assets/products/resoflex-run-belt/gallery-01.png,PNG,469,384,234358,,verified
RF-RUN-002,ResoFlex Speedwork Running Waist Belt,rf-run-002,gallery_02,gallery-02.png,resoflex-run-belt,https://ik.imagekit.io/resofit808/assets/products/resoflex-run-belt/gallery-02.png,PNG,469,384,249928,,verified
RF-RUN-002,ResoFlex Speedwork Running Waist Belt,rf-run-002,gallery_03,gallery-03.png,resoflex-run-belt,https://ik.imagekit.io/resofit808/assets/products/resoflex-run-belt/gallery-03.png,PNG,469,384,301551,,verified
RF-RUN-002,ResoFlex Speedwork Running Waist Belt,rf-run-002,lifestyle,lifestyle.png,resoflex-run-belt,https://ik.imagekit.io/resofit808/assets/products/resoflex-run-belt/lifestyle.png,PNG,469,384,301131,,verified
RF-RUN-002,ResoFlex Speedwork Running Waist Belt,rf-run-002,detail,detail.png,resoflex-run-belt,https://ik.imagekit.io/resofit808/assets/products/resoflex-run-belt/detail.png,PNG,469,384,326762,,verified
RF-RUN-001,ResoFlex Lightweight Running Hydration Vest,rf-run-001,hero,hero.png,resoflex-run-vest,https://ik.imagekit.io/resofit808/assets/products/resoflex-run-vest/hero.png,PNG,469,384,232888,,verified
RF-RUN-001,ResoFlex Lightweight Running Hydration Vest,rf-run-001,gallery_01,gallery-01.png,resoflex-run-vest,https://ik.imagekit.io/resofit808/assets/products/resoflex-run-vest/gallery-01.png,PNG,469,384,244893,,verified
RF-RUN-001,ResoFlex Lightweight Running Hydration Vest,rf-run-001,gallery_02,gallery-02.png,resoflex-run-vest,https://ik.imagekit.io/resofit808/assets/products/resoflex-run-vest/gallery-02.png,PNG,469,384,297962,,verified
RF-RUN-001,ResoFlex Lightweight Running Hydration Vest,rf-run-001,gallery_03,gallery-03.png,resoflex-run-vest,https://ik.imagekit.io/resofit808/assets/products/resoflex-run-vest/gallery-03.png,PNG,469,384,304110,,verified
RF-RUN-001,ResoFlex Lightweight Running Hydration Vest,rf-run-001,lifestyle,lifestyle.png,resoflex-run-vest,https://ik.imagekit.io/resofit808/assets/products/resoflex-run-vest/lifestyle.png,PNG,469,384,294736,,verified
RF-RUN-001,ResoFlex Lightweight Running Hydration Vest,rf-run-001,detail,detail.png,resoflex-run-vest,https://ik.imagekit.io/resofit808/assets/products/resoflex-run-vest/detail.png,PNG,469,384,335908,,verified
resoflex-station-gym,ResoFlex Commercial Station Gym Hub,resoflex-station-gym,hero,hero.png,resoflex-station-gym,https://ik.imagekit.io/resofit808/assets/products/resoflex-station-gym/hero.png,PNG,469,384,265338,,verified
resoflex-station-gym,ResoFlex Commercial Station Gym Hub,resoflex-station-gym,gallery_01,gallery-01.png,resoflex-station-gym,https://ik.imagekit.io/resofit808/assets/products/resoflex-station-gym/gallery-01.png,PNG,469,384,261777,,verified
resoflex-station-gym,ResoFlex Commercial Station Gym Hub,resoflex-station-gym,gallery_02,gallery-02.png,resoflex-station-gym,https://ik.imagekit.io/resofit808/assets/products/resoflex-station-gym/gallery-02.png,PNG,469,384,274325,,verified
resoflex-station-gym,ResoFlex Commercial Station Gym Hub,resoflex-station-gym,gallery_03,gallery-03.png,resoflex-station-gym,https://ik.imagekit.io/resofit808/assets/products/resoflex-station-gym/gallery-03.png,PNG,469,384,326937,,verified
resoflex-station-gym,ResoFlex Commercial Station Gym Hub,resoflex-station-gym,lifestyle,lifestyle.png,resoflex-station-gym,https://ik.imagekit.io/resofit808/assets/products/resoflex-station-gym/lifestyle.png,PNG,469,384,274740,,verified
resoflex-station-gym,ResoFlex Commercial Station Gym Hub,resoflex-station-gym,detail,detail.png,resoflex-station-gym,https://ik.imagekit.io/resofit808/assets/products/resoflex-station-gym/detail.png,PNG,469,384,289310,,verified
RF-TEX-SET-002,ResoFlex Men Technical Performance Compression Set,rf-tex-set-002,hero,hero.png,resoflex-tex-set,https://ik.imagekit.io/resofit808/assets/products/resoflex-tex-set/hero.png,PNG,469,384,244164,,verified
RF-TEX-SET-002,ResoFlex Men Technical Performance Compression Set,rf-tex-set-002,gallery_01,gallery-01.png,resoflex-tex-set,https://ik.imagekit.io/resofit808/assets/products/resoflex-tex-set/gallery-01.png,PNG,469,384,234676,,verified
RF-TEX-SET-002,ResoFlex Men Technical Performance Compression Set,rf-tex-set-002,gallery_02,gallery-02.png,resoflex-tex-set,https://ik.imagekit.io/resofit808/assets/products/resoflex-tex-set/gallery-02.png,PNG,469,384,251021,,verified
RF-TEX-SET-002,ResoFlex Men Technical Performance Compression Set,rf-tex-set-002,gallery_03,gallery-03.png,resoflex-tex-set,https://ik.imagekit.io/resofit808/assets/products/resoflex-tex-set/gallery-03.png,PNG,469,384,241066,,verified
RF-TEX-SET-002,ResoFlex Men Technical Performance Compression Set,rf-tex-set-002,lifestyle,lifestyle.png,resoflex-tex-set,https://ik.imagekit.io/resofit808/assets/products/resoflex-tex-set/lifestyle.png,PNG,469,384,305380,,verified
RF-TEX-SET-002,ResoFlex Men Technical Performance Compression Set,rf-tex-set-002,detail,detail.png,resoflex-tex-set,https://ik.imagekit.io/resofit808/assets/products/resoflex-tex-set/detail.png,PNG,469,384,350882,,verified
